ProductID,ProductPrice,ProductName,
210,15.5,Power Bank,
211,15.5,Power Bank,
212,15.5,Power Bank,
213,15.5,Power Bank,
214,15.5,Power Bank,
215,15.5,Power Bank,
216,15.5,Power Bank,
217,15.5,Power Bank,
218,15.5,Power Bank,
219,15.5,Power Bank,
220,15.5,Power Bank,
221,15.5,Power Bank,
222,15.5,Power Bank,
223,15.5,Power Bank,
224,15.5,Power Bank,
225,15.5,Power Bank,
226,15.5,Power Bank,
227,15.5,Power Bank,
228,15.5,Power Bank,
229,15.5,Power Bank,
230,15.5,Power Bank,
231,15.5,Power Bank,
232,15.5,Power Bank,
233,15.5,Power Bank,
234,15.5,Power Bank,
235,15.5,Power Bank,
236,15.5,Power Bank,
237,15.5,Power Bank,
238,15.5,Power Bank,
239,15.5,Power Bank,
240,15.5,Power Bank,
241,15.5,Power Bank,
242,15.5,Power Bank,
243,15.5,Power Bank,
244,15.5,Power Bank,
245,15.5,Power Bank,
246,15.5,Power Bank,
247,15.5,Power Bank,
248,15.5,Power Bank,
249,15.5,Power Bank,
250,15.5,Power Bank,
251,15.5,Power Bank,
252,15.5,Power Bank,
253,15.5,Power Bank,
254,15.5,Power Bank,
255,15.5,Power Bank,
256,15.5,Power Bank,
257,15.5,Power Bank,
258,15.5,Power Bank,
259,15.5,Power Bank,
260,15.5,Power Bank,
261,15.5,Power Bank,
262,15.5,Power Bank,
263,15.5,Power Bank,
264,15.5,Power Bank,
265,15.5,Power Bank,
266,15.5,Power Bank,
267,15.5,Power Bank,
268,15.5,Power Bank,
269,15.5,Power Bank,
270,15.5,Power Bank,
271,15.5,Power Bank,
272,15.5,Power Bank,
273,15.5,Power Bank,
274,15.5,Power Bank,
275,15.5,Power Bank,
276,15.5,Power Bank,
277,15.5,Power Bank,
278,15.5,Power Bank,
279,15.5,Power Bank,
280,15.5,Power Bank,
281,15.5,Power Bank,
282,15.5,Power Bank,
283,15.5,Power Bank,
284,15.5,Power Bank,
285,15.5,Power Bank,
286,15.5,Power Bank,
287,15.5,Power Bank,
288,15.5,Power Bank,
289,15.5,Power Bank,
290,15.5,Power Bank,
291,15.5,Power Bank,
292,15.5,Power Bank,
293,15.5,Power Bank,
294,15.5,Power Bank,
295,15.5,Power Bank,
296,15.5,Power Bank,
297,15.5,Power Bank,
298,15.5,Power Bank,
299,15.5,Power Bank,
300,15.5,Power Bank,
301,15.5,Power Bank,
302,15.5,Power Bank,
303,15.5,Power Bank,
304,15.5,Power Bank,
305,15.5,Power Bank,
306,15.5,Power Bank,
307,15.5,Power Bank,
308,15.5,Power Bank,
309,15.5,Power Bank,
310,15.5,Power Bank,
311,15.5,Power Bank,
312,15.5,Power Bank,
313,15.5,Power Bank,
314,15.5,Power Bank,
315,15.5,Power Bank,
316,15.5,Power Bank,
317,15.5,Power Bank,
318,15.5,Power Bank,
319,15.5,Power Bank,
320,15.5,Power Bank,
321,15.5,Power Bank,
322,15.5,Power Bank,
323,15.5,Power Bank,
324,15.5,Power Bank,
325,15.5,Power Bank,
326,15.5,Power Bank,
327,15.5,Power Bank,
328,15.5,Power Bank,
329,15.5,Power Bank,
330,15.5,Power Bank,
331,15.5,Power Bank,
332,15.5,Power Bank,
333,15.5,Power Bank,
334,15.5,Power Bank,
335,15.5,Power Bank,
336,15.5,Power Bank,
337,15.5,Power Bank,
338,15.5,Power Bank,
339,15.5,Power Bank,
340,15.5,Power Bank,
341,15.5,Power Bank,
342,15.5,Power Bank,
343,15.5,Power Bank,
344,15.5,Power Bank,
345,15.5,Power Bank,
346,15.5,Power Bank,
347,15.5,Power Bank,
348,15.5,Power Bank,
349,15.5,Power Bank,
350,15.5,Power Bank,
351,15.5,Power Bank,
352,15.5,Power Bank,
353,15.5,Power Bank,
354,15.5,Power Bank,
355,15.5,Power Bank,
356,15.5,Power Bank,
357,15.5,Power Bank,
358,15.5,Power Bank,
359,15.5,Power Bank,
360,15.5,Power Bank,
361,15.5,Power Bank,
362,15.5,Power Bank,
363,15.5,Power Bank,
364,15.5,Power Bank,
365,15.5,Power Bank,
366,15.5,Power Bank,
367,15.5,Power Bank,
368,15.5,Power Bank,
369,15.5,Power Bank,
370,15.5,Power Bank,
371,15.5,Power Bank,
372,15.5,Power Bank,
373,15.5,Power Bank,
374,15.5,Power Bank,
375,15.5,Power Bank,
376,15.5,Power Bank,
377,15.5,Power Bank,
378,15.5,Power Bank,
379,15.5,Power Bank,
380,15.5,Power Bank,
381,15.5,Power Bank,
382,15.5,Power Bank,
383,15.5,Power Bank,
384,15.5,Power Bank,
385,15.5,Power Bank,
386,15.5,Power Bank,
387,15.5,Power Bank,
388,15.5,Power Bank,
389,15.5,Power Bank,
390,15.5,Power Bank,
391,15.5,Power Bank,
392,15.5,Power Bank,
393,15.5,Power Bank,
394,15.5,Power Bank,
395,15.5,Power Bank,
396,15.5,Power Bank,
397,15.5,Power Bank,
398,15.5,Power Bank,
399,15.5,Power Bank,
400,15.5,Power Bank,
401,15.5,Power Bank,
402,15.5,Power Bank,
403,15.5,Power Bank,
404,15.5,Power Bank,
405,15.5,Power Bank,
406,15.5,Power Bank,
407,15.5,Power Bank,
408,15.5,Power Bank,
409,15.5,Power Bank,
